id,first_name,last_name,email,gender,ip_address
1,Derk,Boyer,dboyer0@freewebs.com,Male,116.64.45.199
2,Brandea,Wythe,bwythe1@cdbaby.com,Female,44.165.176.154
3,Fonsie,Ebrall,febrall2@examiner.com,Male,35.40.183.92
4,Martyn,Miall,mmiall3@nih.gov,Male,90.73.225.245
5,Shir,Tatem,statem4@globo.com,Female,14.14.221.116
6,Leeanne,Kemery,lkemery5@hao123.com,Female,170.125.113.243
7,Gerhard,McIlwain,gmcilwain6@scribd.com,Male,108.236.171.71
8,Westbrooke,Catonnet,wcatonnet7@unblog.fr,Male,241.41.231.24
9,Cathleen,Storck,cstorck8@upenn.edu,Female,88.40.207.96
10,Tully,Bleddon,tbleddon9@wisc.edu,Male,129.91.164.146
11,Cherida,Dubery,cduberya@bbb.org,Female,22.209.155.135
12,Karita,Atrill,katrillb@theatlantic.com,Female,211.139.133.156
13,Tawnya,Berriman,tberrimanc@blog.com,Female,22.77.181.252
14,Corene,Fulstow,cfulstowd@baidu.com,Female,208.247.160.204
15,Nichols,Craik,ncraike@reddit.com,Male,203.134.14.103
16,Micki,Wonfar,mwonfarf@nih.gov,Female,127.223.53.201
17,Kim,Shurman,kshurmang@oracle.com,Male,176.101.160.76
18,Ofilia,Thing,othingh@home.pl,Female,253.135.26.173
19,Etta,Abrahams,eabrahamsi@wikia.com,Female,220.231.45.172
20,Anatol,Jex,ajexj@harvard.edu,Male,57.191.17.51
21,Kirstyn,Simo,ksimok@guardian.co.uk,Female,116.23.21.80
22,Cam,Alpe,calpel@mozilla.com,Male,43.17.221.249
23,Frederica,Yeell,fyeellm@1688.com,Female,155.88.132.91
24,Brenna,Rolfi,brolfin@dmoz.org,Female,245.41.90.251
25,Archer,Maxweell,amaxweello@thetimes.co.uk,Male,142.247.194.177
26,Andriette,MacLice,amaclicep@nhs.uk,Female,117.236.107.221
27,Tobit,Tyers,ttyersq@ucsd.edu,Male,103.69.64.74
28,Woodman,Callow,wcallowr@whitehouse.gov,Male,195.24.211.142
29,Nataniel,Glasbey,nglasbeys@hao123.com,Male,205.176.106.203
30,Marietta,Lackington,mlackingtont@1und1.de,Male,31.218.186.132
31,Ricard,Lyard,rlyardu@virginia.edu,Male,43.52.254.223
32,Jone,Swalough,jswaloughv@photobucket.com,Male,167.235.35.221
33,Pattie,Scotfurth,pscotfurthw@facebook.com,Male,222.0.191.75
34,Hermon,Siddens,hsiddensx@joomla.org,Male,89.159.218.14
35,Tracey,Butland,tbutlandy@github.io,Male,88.126.248.206
36,Denver,Spendley,dspendleyz@usnews.com,Male,49.161.87.145
37,Angele,O'Carran,aocarran10@simplemachines.org,Female,74.119.7.169
38,Zollie,Learman,zlearman11@zimbio.com,Male,245.171.43.214
39,Tabor,Shrimplin,tshrimplin12@wix.com,Male,111.69.197.229
40,Nickolaus,Hugli,nhugli13@state.gov,Male,241.61.52.176
41,Myrtia,Petrushanko,mpetrushanko14@blogs.com,Female,78.224.151.151
42,Thalia,Fuxman,tfuxman15@arizona.edu,Female,148.145.193.96
43,Merralee,Heinicke,mheinicke16@dailymotion.com,Female,94.188.208.128
44,Kristel,Wandtke,kwandtke17@bloglines.com,Female,77.0.52.253
45,Coleen,Dedenham,cdedenham18@un.org,Female,53.210.175.95
46,Feliks,De Moreno,fdemoreno19@cafepress.com,Male,49.219.106.235
47,Vivienne,De Morena,vdemorena1a@home.pl,Female,41.140.121.102
48,Alane,Franken,afranken1b@miibeian.gov.cn,Female,164.107.224.25
49,Carny,Klimentov,cklimentov1c@discuz.net,Male,84.215.99.101
50,Field,Cubley,fcubley1d@state.tx.us,Male,38.101.126.67
51,Jodi,Nassau,jnassau1e@cornell.edu,Female,251.15.239.190
52,Candie,Gilbank,cgilbank1f@blogs.com,Female,24.148.55.244
53,Minette,Ruggles,mruggles1g@acquirethisname.com,Female,63.193.143.115
54,Kiele,Kleine,kkleine1h@blogs.com,Female,115.231.145.57
55,Northrup,Lanfer,nlanfer1i@gizmodo.com,Male,243.41.97.189
56,Valle,Daws,vdaws1j@google.com.br,Male,130.92.172.69
57,Mahmoud,Espinazo,mespinazo1k@furl.net,Male,36.221.113.150
58,Jaquelin,Beton,jbeton1l@freewebs.com,Female,220.194.70.99
59,Lian,Burbidge,lburbidge1m@icio.us,Female,137.204.216.217
60,Nicolis,Houchen,nhouchen1n@ucoz.ru,Male,79.167.205.16
61,Sallee,Arderne,sarderne1o@cbc.ca,Female,228.2.125.143
62,Tudor,Kachel,tkachel1p@smh.com.au,Male,87.35.7.179
63,Corabelle,MacNeilly,cmacneilly1q@timesonline.co.uk,Female,87.87.107.63
64,Carita,Bowe,cbowe1r@google.com.hk,Female,148.98.198.124
65,Natale,Comoletti,ncomoletti1s@moonfruit.com,Male,18.39.135.24
66,Hazel,Melding,hmelding1t@t-online.de,Female,159.211.117.70
67,Eugenius,Connaughton,econnaughton1u@skype.com,Male,67.8.105.22
68,Kirsti,Gabbetis,kgabbetis1v@globo.com,Female,33.141.227.246
69,Charmine,Derrell,cderrell1w@psu.edu,Female,186.71.0.130
70,Rafaello,MacBrearty,rmacbrearty1x@miitbeian.gov.cn,Male,94.183.211.127
71,Demetra,Sawood,dsawood1y@umich.edu,Female,49.105.45.14
72,Olly,Piddocke,opiddocke1z@time.com,Male,184.5.157.241
73,Vanda,Piniur,vpiniur20@nationalgeographic.com,Female,208.184.8.92
74,Sayre,McDarmid,smcdarmid21@amazon.com,Male,252.147.134.106
75,Demetris,Boniface,dboniface22@google.com.br,Female,186.229.198.48
76,Anabal,Croix,acroix23@4shared.com,Female,188.224.137.57
77,Gusta,Jobbins,gjobbins24@admin.ch,Female,29.55.144.169
78,Bartolomeo,Tewelson,btewelson25@nih.gov,Male,83.163.189.139
79,Filbert,Game,fgame26@gravatar.com,Male,15.117.28.124
80,Ammamaria,Delacourt,adelacourt27@nsw.gov.au,Female,135.42.164.250
81,Celestyna,Duchesne,cduchesne28@aboutads.info,Female,13.228.246.9
82,Lelia,Alvin,lalvin29@sitemeter.com,Female,128.40.113.172
83,Gus,Somerfield,gsomerfield2a@amazon.co.uk,Male,86.16.169.186
84,Cord,Paddeley,cpaddeley2b@dyndns.org,Male,127.96.108.89
85,Gigi,Towriss,gtowriss2c@dmoz.org,Female,118.99.52.134
86,Mead,Sealey,msealey2d@microsoft.com,Male,160.183.175.231
87,Wilow,O'Cahsedy,wocahsedy2e@tuttocitta.it,Female,75.170.92.86
88,Lalo,Westmancoat,lwestmancoat2f@guardian.co.uk,Male,173.172.96.86
89,Lilah,Troyes,ltroyes2g@blogger.com,Female,197.217.103.242
90,Deni,Szymanek,dszymanek2h@netlog.com,Female,110.169.100.172
91,Clari,Joinsey,cjoinsey2i@usatoday.com,Female,126.165.5.186
92,Lydon,Pentin,lpentin2j@google.es,Male,189.254.192.119
93,Reese,Sellick,rsellick2k@php.net,Male,14.78.239.91
94,Normy,Abbys,nabbys2l@ihg.com,Male,129.136.124.29
95,Wilt,Ruslin,wruslin2m@digg.com,Male,140.78.124.100
96,Ingra,Costar,icostar2n@addtoany.com,Male,152.103.193.74
97,Law,Wadwell,lwadwell2o@domainmarket.com,Male,121.104.224.214
98,Nadia,Chellingworth,nchellingworth2p@icq.com,Female,232.24.233.231
99,Anstice,Nardrup,anardrup2q@cyberchimps.com,Female,191.155.120.31
100,Cobby,Paff,cpaff2r@dot.gov,Male,207.61.107.244
101,Lisbeth,Boltwood,lboltwood2s@nsw.gov.au,Female,214.46.238.204
102,Shurlocke,Reedick,sreedick2t@examiner.com,Male,99.57.66.177
103,Anallise,Zimmermanns,azimmermanns2u@apache.org,Female,129.230.189.109
104,Elden,O'Haire,eohaire2v@oaic.gov.au,Male,96.107.10.1
105,Justine,Brodley,jbrodley2w@statcounter.com,Female,232.193.182.39
106,Elliott,Lodin,elodin2x@cbslocal.com,Male,93.205.42.34
107,Fredric,Crain,fcrain2y@t.co,Male,228.205.246.67
108,Cello,Whartonby,cwhartonby2z@icio.us,Male,54.74.229.213
109,Pattie,Belderfield,pbelderfield30@scribd.com,Male,249.24.209.238
110,Clarine,Rowatt,crowatt31@istockphoto.com,Female,164.154.193.208
111,Hank,Tefft,htefft32@indiegogo.com,Male,206.153.204.116
112,Ab,Spinige,aspinige33@smh.com.au,Male,37.252.128.115
113,Nananne,MacRierie,nmacrierie34@wikispaces.com,Female,224.141.227.17
114,Sigismondo,Isabell,sisabell35@noaa.gov,Male,150.144.196.213
115,Talbot,Milesap,tmilesap36@berkeley.edu,Male,27.146.90.61
116,Guenevere,Enbury,genbury37@networkadvertising.org,Female,219.63.244.199
117,Romy,Koppen,rkoppen38@geocities.jp,Female,200.66.246.238
118,Shelby,Adamsson,sadamsson39@de.vu,Female,43.212.65.101
119,Brit,Spight,bspight3a@devhub.com,Male,126.150.120.91
120,Bell,Maplesden,bmaplesden3b@psu.edu,Female,197.161.68.106
121,Delmer,Goldster,dgoldster3c@tripod.com,Male,213.145.225.58
122,Gherardo,Reinard,greinard3d@cnbc.com,Male,69.154.108.165
123,Rubina,Gillies,rgillies3e@timesonline.co.uk,Female,172.128.148.179
124,Townsend,Caldairou,tcaldairou3f@biblegateway.com,Male,42.223.75.42
125,Willette,Cardew,wcardew3g@angelfire.com,Female,225.173.171.217
126,Mignonne,Godber,mgodber3h@digg.com,Female,17.4.249.38
127,Ignace,Gasnell,igasnell3i@bloglines.com,Male,104.80.91.11
128,Job,Heeney,jheeney3j@mtv.com,Male,6.139.85.224
129,Alisa,Quakley,aquakley3k@dailymail.co.uk,Female,192.59.19.241
130,Alvinia,Whal,awhal3l@bizjournals.com,Female,191.35.254.48
131,Mathian,Rule,mrule3m@nsw.gov.au,Male,198.19.159.252
132,Selie,Davidow,sdavidow3n@mapy.cz,Female,80.253.4.148
133,Catha,Labrom,clabrom3o@live.com,Female,76.164.82.76
134,Daron,Karpmann,dkarpmann3p@g.co,Female,108.56.202.152
135,Rodrick,Rickwood,rrickwood3q@bluehost.com,Male,96.84.158.73
136,Crichton,Ferriman,cferriman3r@skype.com,Male,95.7.145.33
137,Ugo,Murdy,umurdy3s@go.com,Male,9.24.5.207
138,Garrick,Antoniutti,gantoniutti3t@google.nl,Male,129.3.89.176
139,Biddy,Colafate,bcolafate3u@theglobeandmail.com,Female,169.20.249.209
140,Pepillo,Elias,pelias3v@nbcnews.com,Male,8.229.134.215
141,Roberta,Rawles,rrawles3w@google.co.uk,Female,198.23.120.112
142,Billie,Cominetti,bcominetti3x@ca.gov,Male,91.107.54.15
143,Edeline,Dikle,edikle3y@netlog.com,Female,196.235.226.204
144,Ede,Aldcorn,ealdcorn3z@quantcast.com,Female,113.230.180.123
145,Mordecai,McNamara,mmcnamara40@hatena.ne.jp,Male,214.182.92.237
146,Sela,Kernocke,skernocke41@list-manage.com,Female,187.6.97.235
147,Whitney,Greenfield,wgreenfield42@usgs.gov,Male,240.135.191.104
148,Marie-ann,Aysh,maysh43@deliciousdays.com,Female,190.65.204.85
149,Daisy,Tabb,dtabb44@globo.com,Female,118.45.189.145
150,Nobe,Reichartz,nreichartz45@acquirethisname.com,Male,235.149.130.195
151,Jeniece,Parchment,jparchment46@nymag.com,Female,165.238.10.229
152,Brandea,McLagan,bmclagan47@skyrock.com,Female,131.193.102.87
153,Yasmin,Willingham,ywillingham48@about.me,Female,50.222.97.178
154,Lynnet,Chestnutt,lchestnutt49@jigsy.com,Female,20.131.4.204
155,Paige,Kondratenya,pkondratenya4a@cam.ac.uk,Male,220.189.67.196
156,Cathee,Rickerby,crickerby4b@icio.us,Female,111.10.89.20
157,Marybeth,Haworth,mhaworth4c@vistaprint.com,Female,46.37.172.14
158,Buffy,Stuck,bstuck4d@slate.com,Female,111.136.206.227
159,Vilma,Bond,vbond4e@studiopress.com,Female,185.215.70.126
160,Roberto,Madrell,rmadrell4f@weebly.com,Male,206.172.116.90
161,Elva,Bywaters,ebywaters4g@thetimes.co.uk,Female,137.77.151.21
162,Petunia,Padbery,ppadbery4h@pbs.org,Female,218.69.145.227
163,Arther,Snasdell,asnasdell4i@paginegialle.it,Male,115.125.69.58
164,Brear,Droogan,bdroogan4j@phoca.cz,Female,252.82.251.75
165,Giuditta,Bowdon,gbowdon4k@epa.gov,Female,229.187.111.94
166,Beryle,Froome,bfroome4l@nps.gov,Female,4.183.226.6
167,Merwyn,McFee,mmcfee4m@list-manage.com,Male,93.196.60.212
168,Ariadne,Lodin,alodin4n@free.fr,Female,145.13.61.84
169,Wilbert,Kilbourne,wkilbourne4o@creativecommons.org,Male,226.50.105.106
170,Purcell,Wherrit,pwherrit4p@indiegogo.com,Male,99.232.83.5
171,Shina,Lawton,slawton4q@nydailynews.com,Female,134.196.175.156
172,Lucien,Ashwin,lashwin4r@google.es,Male,84.1.153.250
173,Malinda,Eisikowitch,meisikowitch4s@mapy.cz,Female,14.69.80.46
174,Antonino,Gilfether,agilfether4t@timesonline.co.uk,Male,151.161.43.57
175,Jobie,Steers,jsteers4u@yelp.com,Female,97.158.148.92
176,Nap,Gatherell,ngatherell4v@oaic.gov.au,Male,85.59.56.104
177,Kingsley,Loddon,kloddon4w@nba.com,Male,24.206.110.161
178,Anthe,Topham,atopham4x@blogs.com,Female,252.41.219.171
179,Guntar,Gomersall,ggomersall4y@sbwire.com,Male,233.180.214.23
180,Charlean,Dearle-Palser,cdearlepalser4z@ustream.tv,Female,64.0.251.71
181,Mabel,Summerson,msummerson50@ucla.edu,Female,252.94.117.178
182,Livy,Lovatt,llovatt51@51.la,Female,108.96.107.45
183,Terrence,Redmell,tredmell52@businesswire.com,Male,213.41.241.39
184,Miguela,Maine,mmaine53@elegantthemes.com,Female,222.48.214.115
185,Addison,Kinkade,akinkade54@discovery.com,Male,142.174.239.12
186,Sandye,Shufflebotham,sshufflebotham55@weibo.com,Female,236.223.108.1
187,Lorrie,Ninnotti,lninnotti56@cafepress.com,Female,121.70.34.59
188,Hagen,Keetley,hkeetley57@hubpages.com,Male,4.220.144.214
189,Blondy,Chin,bchin58@census.gov,Female,24.27.78.227
190,Steffi,Peirazzi,speirazzi59@t.co,Female,228.14.185.239
191,Quintina,Dendon,qdendon5a@unc.edu,Female,83.126.224.78
192,Berny,Davsley,bdavsley5b@msu.edu,Female,185.161.170.210
193,Stefan,Pietrowicz,spietrowicz5c@github.io,Male,232.197.9.153
194,Malia,Pallesen,mpallesen5d@multiply.com,Female,70.192.160.44
195,Packston,Parkhouse,pparkhouse5e@dailymail.co.uk,Male,135.218.192.177
196,Brook,Kidds,bkidds5f@answers.com,Male,212.199.101.207
197,Tim,Lambrechts,tlambrechts5g@google.com.hk,Female,66.159.150.52
198,Claudette,Jonah,cjonah5h@ocn.ne.jp,Female,141.168.111.2
199,Kirsti,Gillingwater,kgillingwater5i@jiathis.com,Female,7.177.150.204
200,Maurice,Timms,mtimms5j@hatena.ne.jp,Male,234.156.84.185
201,Domenic,Skate,dskate5k@cargocollective.com,Male,43.21.154.193
202,Nobe,Hounsom,nhounsom5l@kickstarter.com,Male,133.0.67.9
203,Marie-jeanne,McCathy,mmccathy5m@booking.com,Female,29.32.205.146
204,Suzanne,Mathes,smathes5n@harvard.edu,Female,202.37.77.224
205,Marie,Purdey,mpurdey5o@twitpic.com,Female,115.167.70.111
206,Jacquie,Works,jworks5p@icq.com,Female,205.124.32.72
207,Erroll,Flowith,eflowith5q@opera.com,Male,175.118.0.165
208,Hastings,Heinrich,hheinrich5r@twitter.com,Male,207.226.221.94
209,Reilly,Bunney,rbunney5s@patch.com,Male,139.196.202.86
210,Lev,Woodger,lwoodger5t@indiegogo.com,Male,125.237.70.120
211,Steffane,Davidi,sdavidi5u@hp.com,Female,93.103.174.26
212,Fielding,Adam,fadam5v@sciencedaily.com,Male,149.56.238.108
213,Jude,Baldick,jbaldick5w@facebook.com,Male,16.27.76.43
214,Rosamund,Weyland,rweyland5x@opera.com,Female,28.71.179.189
215,Brucie,Orridge,borridge5y@businessweek.com,Male,153.97.235.16
216,Dallas,Gomme,dgomme5z@flickr.com,Male,63.217.16.253
217,Sylas,Daggett,sdaggett60@infoseek.co.jp,Male,80.113.251.8
218,Kakalina,Schukraft,kschukraft61@boston.com,Female,187.201.138.216
219,Catherina,Instone,cinstone62@huffingtonpost.com,Female,85.54.93.235
220,Birch,Cawkill,bcawkill63@ezinearticles.com,Male,128.87.86.165
221,Ealasaid,Buffery,ebuffery64@paginegialle.it,Female,179.54.201.12
222,Bonita,Kemmet,bkemmet65@phoca.cz,Female,131.91.82.90
223,Osbourne,Beller,obeller66@netlog.com,Male,127.138.114.4
224,Alaine,Dyble,adyble67@google.co.jp,Female,6.142.77.186
225,Sigfrid,Dilleston,sdilleston68@freewebs.com,Male,106.19.96.57
226,Kiley,Pietrowicz,kpietrowicz69@cnet.com,Female,207.220.2.97
227,Jaquith,Zukerman,jzukerman6a@pinterest.com,Female,119.33.208.55
228,Wileen,Leney,wleney6b@gnu.org,Female,219.173.84.218
229,Winonah,Sams,wsams6c@gmpg.org,Female,56.63.195.93
230,Vernor,Willmott,vwillmott6d@spotify.com,Male,82.20.182.212
231,Kelsey,Cail,kcail6e@blogger.com,Female,69.18.7.1
232,Christiano,MacKellar,cmackellar6f@photobucket.com,Male,107.249.65.75
233,Rowena,Geator,rgeator6g@zimbio.com,Female,235.233.114.38
234,Lyon,De Filippo,ldefilippo6h@multiply.com,Male,92.115.158.10
235,Vinita,Gissop,vgissop6i@sogou.com,Female,34.118.17.54
236,Granville,Greneham,ggreneham6j@spotify.com,Male,151.34.100.142
237,Prent,Spriggs,pspriggs6k@simplemachines.org,Male,0.162.87.85
238,Caryl,Peacock,cpeacock6l@apache.org,Male,5.38.64.135
239,Gallagher,McAdam,gmcadam6m@infoseek.co.jp,Male,151.25.216.223
240,Rosalinda,McNeice,rmcneice6n@sogou.com,Female,44.75.148.193
241,Mikaela,Borgars,mborgars6o@feedburner.com,Female,15.10.244.89
242,Nani,Tong,ntong6p@washingtonpost.com,Female,151.35.232.87
243,Christopher,Falconer,cfalconer6q@businessinsider.com,Male,22.171.56.237
244,Bruno,Bernardet,bbernardet6r@angelfire.com,Male,232.101.187.88
245,Erminie,Iannini,eiannini6s@ucoz.ru,Female,123.35.136.30
246,Ayn,Barehead,abarehead6t@bbc.co.uk,Female,32.79.205.22
247,Trudi,Gersam,tgersam6u@oracle.com,Female,243.252.156.0
248,Ted,Wardel,twardel6v@seesaa.net,Female,43.83.22.169
249,Chrystel,Lesek,clesek6w@bigcartel.com,Female,188.191.138.179
250,Lovell,McKeag,lmckeag6x@jiathis.com,Male,97.70.222.87
251,Marlena,Nobles,mnobles6y@ucoz.ru,Female,153.173.34.111
252,Vivien,Polle,vpolle6z@marketwatch.com,Female,253.178.218.176
253,Lowell,Dulin,ldulin70@ycombinator.com,Male,156.209.106.242
254,Burg,Heyworth,bheyworth71@mashable.com,Male,19.74.122.67
255,Wyndham,Tingey,wtingey72@psu.edu,Male,253.142.199.165
256,Rina,Packman,rpackman73@ihg.com,Female,241.26.65.228
257,Rubetta,Deller,rdeller74@dell.com,Female,79.193.128.106
258,Eran,Haswell,ehaswell75@odnoklassniki.ru,Female,205.230.30.64
259,Keeley,Cunney,kcunney76@ustream.tv,Female,189.55.220.122
260,Rosabelle,Dabel,rdabel77@icio.us,Female,118.92.140.168
261,Luce,Pentycost,lpentycost78@cisco.com,Male,219.20.78.164
262,Codi,Chantrell,cchantrell79@hp.com,Female,183.103.88.122
263,Free,Tettley,ftettley7a@merriam-webster.com,Male,56.75.17.236
264,Viviene,Wreath,vwreath7b@about.me,Female,25.188.86.131
265,Jud,Allain,jallain7c@kickstarter.com,Male,131.128.212.252
266,Julia,Mewitt,jmewitt7d@naver.com,Female,107.186.158.177
267,Corty,Schimaschke,cschimaschke7e@bbc.co.uk,Male,80.107.174.236
268,Benjamin,Ormesher,bormesher7f@adobe.com,Male,63.201.19.251
269,Yale,Janusz,yjanusz7g@friendfeed.com,Male,14.166.14.30
270,Cyrille,Francino,cfrancino7h@eepurl.com,Male,3.224.231.35
271,Myrtie,Berecloth,mberecloth7i@123-reg.co.uk,Female,181.80.210.102
272,Tobiah,Eyre,teyre7j@instagram.com,Male,6.142.244.205
273,Melany,Dilger,mdilger7k@feedburner.com,Female,254.162.236.206
274,Wallie,Leworthy,wleworthy7l@blogs.com,Female,171.202.229.135
275,Ase,Steward,asteward7m@moonfruit.com,Male,40.4.198.239
276,Welch,Creyke,wcreyke7n@irs.gov,Male,252.91.64.39
277,Inglis,Bulgen,ibulgen7o@usatoday.com,Male,9.223.242.98
278,Trueman,Payley,tpayley7p@comsenz.com,Male,31.185.229.226
279,Krystyna,O' Sullivan,kosullivan7q@msn.com,Female,190.38.136.174
280,Errol,Lacroutz,elacroutz7r@dailymail.co.uk,Male,97.160.29.5
281,Rowe,Beeston,rbeeston7s@phoca.cz,Female,171.242.99.64
282,Gustave,Gilbank,ggilbank7t@4shared.com,Male,164.176.226.246
283,Ronnie,Dugan,rdugan7u@webnode.com,Male,178.112.171.115
284,Adore,Borges,aborges7v@is.gd,Female,136.115.117.253
285,Chlo,Alessandrucci,calessandrucci7w@marriott.com,Female,84.6.88.50
286,Glyn,Luker,gluker7x@umich.edu,Female,3.137.210.73
287,Giorgia,Machel,gmachel7y@goo.ne.jp,Female,158.204.44.138
288,Lorri,Tinston,ltinston7z@washington.edu,Female,24.98.105.187
289,Ivor,Prudence,iprudence80@thetimes.co.uk,Male,215.36.33.236
290,Rora,Gettings,rgettings81@google.cn,Female,61.132.203.52
291,Allard,Dillistone,adillistone82@adobe.com,Male,198.207.34.108
292,Zacherie,Hotton,zhotton83@github.io,Male,214.19.94.200
293,Dan,Chappelow,dchappelow84@earthlink.net,Male,220.69.165.239
294,Jehu,Shitliffe,jshitliffe85@mashable.com,Male,69.62.208.178
295,Ernie,Keenor,ekeenor86@ameblo.jp,Male,64.183.117.95
296,Dorothy,Stirzaker,dstirzaker87@posterous.com,Female,213.217.239.217
297,Julee,Doone,jdoone88@123-reg.co.uk,Female,159.225.211.225
298,Robbie,Whorall,rwhorall89@si.edu,Male,161.168.17.118
299,Nickola,Ianizzi,nianizzi8a@domainmarket.com,Male,48.226.247.111
300,Dianna,Crut,dcrut8b@nifty.com,Female,193.114.102.73
301,Consalve,Fitzsymon,cfitzsymon8c@angelfire.com,Male,237.136.6.36
302,Basil,Wichard,bwichard8d@nasa.gov,Male,198.90.4.150
303,Karon,Blakelock,kblakelock8e@state.gov,Female,102.134.154.7
304,Dionisio,Ludlamme,dludlamme8f@wp.com,Male,103.170.112.207
305,Crawford,Gluyas,cgluyas8g@w3.org,Male,157.88.95.217
306,Devin,Mitchiner,dmitchiner8h@so-net.ne.jp,Female,172.181.107.102
307,Gertrud,Clarey,gclarey8i@unesco.org,Female,158.23.16.158
308,Iago,Kubas,ikubas8j@salon.com,Male,175.135.219.16
309,Anett,Balazs,abalazs8k@newyorker.com,Female,163.98.226.232
310,Dougy,Craft,dcraft8l@google.com.hk,Male,121.94.67.176
311,Tedman,Tilberry,ttilberry8m@webmd.com,Male,230.192.236.94
312,Aileen,Vice,avice8n@fotki.com,Female,37.130.117.64
313,Ciro,Giovannetti,cgiovannetti8o@bloglines.com,Male,232.134.38.147
314,Jaimie,Cranston,jcranston8p@amazon.co.uk,Female,95.86.149.172
315,Casey,Markos,cmarkos8q@telegraph.co.uk,Female,163.11.1.86
316,Zea,Eynon,zeynon8r@twitter.com,Female,118.179.66.210
317,Maxy,Towersey,mtowersey8s@baidu.com,Female,228.76.235.16
318,Booth,Eriksson,beriksson8t@opensource.org,Male,146.123.230.163
319,Carling,Padfield,cpadfield8u@wisc.edu,Male,96.60.60.104
320,Polly,Thor,pthor8v@opensource.org,Female,132.226.99.85
321,Vanessa,Lars,vlars8w@icq.com,Female,61.41.178.210
322,Donaugh,Demangeon,ddemangeon8x@i2i.jp,Male,7.147.98.255
323,Bail,Heineke,bheineke8y@amazon.co.uk,Male,218.103.183.132
324,Christiana,Riggoll,criggoll8z@google.nl,Female,152.75.223.213
325,Cosmo,Antoniak,cantoniak90@blogtalkradio.com,Male,183.102.199.230
326,Marmaduke,Lorence,mlorence91@cisco.com,Male,3.51.49.43
327,Modestia,Pickersail,mpickersail92@macromedia.com,Female,155.166.225.214
328,Darryl,Jolliss,djolliss93@squidoo.com,Male,249.75.250.183
329,Rodger,Headingham,rheadingham94@opera.com,Male,154.154.40.79
330,Reidar,Ibert,ribert95@i2i.jp,Male,102.148.90.25
331,Steven,Cleeve,scleeve96@narod.ru,Male,10.35.231.179
332,Anne-marie,Charters,acharters97@zdnet.com,Female,86.237.221.122
333,Joyous,Bolderoe,jbolderoe98@phoca.cz,Female,53.77.91.189
334,Kessia,Goade,kgoade99@salon.com,Female,101.152.50.109
335,Henryetta,Manville,hmanville9a@godaddy.com,Female,54.198.100.106
336,Joceline,Weldrick,jweldrick9b@youku.com,Female,129.184.252.196
337,Maynord,Methingam,mmethingam9c@mediafire.com,Male,115.51.155.200
338,Findlay,Burdin,fburdin9d@miitbeian.gov.cn,Male,47.161.44.75
339,Edik,McBeath,emcbeath9e@last.fm,Male,224.110.116.190
340,Aurelie,Tilliards,atilliards9f@netvibes.com,Female,171.244.142.138
341,Jarid,Faltin,jfaltin9g@abc.net.au,Male,152.68.246.11
342,Fred,Hayball,fhayball9h@dailymail.co.uk,Male,78.10.94.78
343,Garvey,Yitzhakov,gyitzhakov9i@lycos.com,Male,190.134.204.182
344,Eveleen,Cassely,ecassely9j@discuz.net,Female,148.51.164.193
345,Kit,Skerrett,kskerrett9k@smugmug.com,Female,120.222.82.80
346,Osmund,Choak,ochoak9l@yellowbook.com,Male,219.162.85.50
347,Willard,Clabburn,wclabburn9m@elpais.com,Male,243.168.13.244
348,Danyelle,Derricoat,dderricoat9n@webmd.com,Female,134.93.193.33
349,Jolynn,Aikman,jaikman9o@economist.com,Female,86.125.153.118
350,Kasper,Skim,kskim9p@tuttocitta.it,Male,81.252.101.252
351,Selby,Aizikowitz,saizikowitz9q@ucoz.com,Male,16.74.246.112
352,Dennison,Reedman,dreedman9r@google.pl,Male,55.52.87.116
353,Charlton,Sailes,csailes9s@hatena.ne.jp,Male,117.107.129.143
354,Adams,Woolway,awoolway9t@scientificamerican.com,Male,82.237.62.219
355,Ewell,Harlowe,eharlowe9u@answers.com,Male,145.103.117.228
356,Sylvester,Habbon,shabbon9v@mit.edu,Male,10.48.185.29
357,Danyelle,Farryan,dfarryan9w@auda.org.au,Female,89.65.88.31
358,Cullan,Hizir,chizir9x@goo.ne.jp,Male,161.88.56.32
359,Ingemar,Chomicki,ichomicki9y@tripadvisor.com,Male,58.135.162.163
360,Marcello,Lantaff,mlantaff9z@prweb.com,Male,255.28.36.230
361,Elwin,Gierck,egiercka0@ow.ly,Male,126.171.22.201
362,Matteo,McArthur,mmcarthura1@webnode.com,Male,71.212.27.21
363,Celle,Degoy,cdegoya2@google.com.au,Female,248.73.33.204
364,Kleon,Hasney,khasneya3@jimdo.com,Male,8.146.45.50
365,Guido,Farey,gfareya4@cnbc.com,Male,139.144.248.248
366,Allsun,Mennithorp,amennithorpa5@stanford.edu,Female,159.70.128.220
367,Rudolf,Schafer,rschafera6@miibeian.gov.cn,Male,165.147.45.92
368,Kahlil,Bason,kbasona7@simplemachines.org,Male,241.175.108.28
369,Dominique,Mea,dmeaa8@hubpages.com,Female,70.233.159.132
370,Donni,Giles,dgilesa9@pinterest.com,Female,179.213.187.184
371,Tiena,Bondar,tbondaraa@huffingtonpost.com,Female,44.246.52.232
372,Virginie,Regler,vreglerab@sfgate.com,Female,126.177.226.95
373,Dodi,Cathery,dcatheryac@xing.com,Female,210.109.35.205
374,Valenka,Hanster,vhansterad@woothemes.com,Female,45.182.228.57
375,Levey,Dangerfield,ldangerfieldae@engadget.com,Male,168.18.234.58
376,Ajay,Blitzer,ablitzeraf@barnesandnoble.com,Female,242.200.214.51
377,Mimi,Surphliss,msurphlissag@vimeo.com,Female,166.225.187.3
378,Lenka,Reville,lrevilleah@latimes.com,Female,145.2.126.163
379,Joshia,Vereker,jverekerai@patch.com,Male,15.129.190.49
380,Margeaux,Drinnan,mdrinnanaj@sakura.ne.jp,Female,20.172.47.234
381,Dare,Elham,delhamak@hud.gov,Male,4.21.135.75
382,Christopher,Liell,cliellal@ucsd.edu,Male,77.61.117.183
383,Cliff,Cossentine,ccossentineam@51.la,Male,10.174.244.147
384,Dix,Bathowe,dbathowean@ameblo.jp,Female,135.142.232.17
385,Cory,McRannell,cmcrannellao@ehow.com,Male,10.152.113.68
386,Winn,Stegers,wstegersap@wix.com,Male,179.139.138.217
387,Weidar,Kuhnhardt,wkuhnhardtaq@flavors.me,Male,208.19.178.32
388,Vittorio,O'Loghlen,vologhlenar@discuz.net,Male,60.21.81.12
389,Deck,Erangey,derangeyas@webs.com,Male,157.95.43.91
390,Stevana,Stops,sstopsat@freewebs.com,Female,225.153.23.120
391,Hildy,Goodwell,hgoodwellau@plala.or.jp,Female,9.125.143.231
392,Brenna,Yakubovich,byakubovichav@360.cn,Female,109.185.140.253
393,Vanessa,Gillease,vgilleaseaw@feedburner.com,Female,27.125.123.25
394,Ambros,Rove,aroveax@google.nl,Male,100.164.106.140
395,Gram,Bollard,gbollarday@usda.gov,Male,112.75.236.164
396,Woodman,Dillow,wdillowaz@hubpages.com,Male,9.0.142.131
397,Roderich,Baron,rbaronb0@harvard.edu,Male,233.83.55.159
398,Leland,Batter,lbatterb1@economist.com,Male,166.23.43.53
399,Chloette,Rohan,crohanb2@naver.com,Female,44.32.13.5
400,Abbott,Ferrario,aferrariob3@cdc.gov,Male,55.36.241.140
401,Rowland,Winston,rwinstonb4@bizjournals.com,Male,45.247.209.69
402,Indira,Botcherby,ibotcherbyb5@netlog.com,Female,19.185.226.24
403,Tait,Guyer,tguyerb6@oaic.gov.au,Male,66.123.176.199
404,Iseabal,Keay,ikeayb7@artisteer.com,Female,240.99.253.161
405,Rosamond,Kirkman,rkirkmanb8@g.co,Female,89.60.138.83
406,Ulick,Ledrun,uledrunb9@plala.or.jp,Male,144.110.75.21
407,Thurston,Martinet,tmartinetba@narod.ru,Male,217.59.25.177
408,Jerrome,MacAllen,jmacallenbb@quantcast.com,Male,60.203.140.98
409,Blythe,Gristhwaite,bgristhwaitebc@vimeo.com,Female,14.71.166.205
410,Teresita,Veldens,tveldensbd@go.com,Female,164.101.97.245
411,Zedekiah,Rumin,zruminbe@linkedin.com,Male,69.44.92.57
412,Billy,Kelsey,bkelseybf@wix.com,Female,191.208.106.71
413,Oralia,Aizikov,oaizikovbg@is.gd,Female,58.205.243.10
414,Celinka,Throssell,cthrossellbh@ucoz.ru,Female,11.153.87.23
415,Johnny,Stivani,jstivanibi@discuz.net,Male,66.222.59.195
416,Edvard,Whitloe,ewhitloebj@meetup.com,Male,84.25.125.130
417,Mei,Fincher,mfincherbk@example.com,Female,125.18.41.139
418,Franklin,Pennycock,fpennycockbl@msn.com,Male,67.28.55.170
419,Noll,Bootell,nbootellbm@cbsnews.com,Male,246.136.110.236
420,Concordia,Shemmans,cshemmansbn@harvard.edu,Female,115.137.17.169
421,Min,Bonhan,mbonhanbo@ucla.edu,Female,201.255.135.27
422,Pam,Laughren,plaughrenbp@prweb.com,Female,148.137.145.182
423,Toby,Burkert,tburkertbq@drupal.org,Male,56.103.79.223
424,Conway,Corlett,ccorlettbr@qq.com,Male,164.130.34.41
425,Caz,Durban,cdurbanbs@istockphoto.com,Male,129.59.144.97
426,Carole,Dabbs,cdabbsbt@kickstarter.com,Female,120.0.219.83
427,Vanna,Silliman,vsillimanbu@blinklist.com,Female,113.46.205.15
428,Paige,Jackways,pjackwaysbv@naver.com,Male,18.200.30.252
429,Farra,Dancer,fdancerbw@google.it,Female,241.189.195.69
430,Cheryl,Kalaher,ckalaherbx@mashable.com,Female,108.100.187.1
431,Magdalena,Schultheiss,mschultheissby@un.org,Female,8.220.102.161
432,Glendon,Grinov,ggrinovbz@so-net.ne.jp,Male,95.24.180.191
433,Ethelda,Teenan,eteenanc0@digg.com,Female,81.182.87.245
434,Lazarus,Baumler,lbaumlerc1@usda.gov,Male,33.25.16.66
435,Eolande,Chapman,echapmanc2@is.gd,Female,202.78.159.6
436,Kayley,Blesli,kbleslic3@arstechnica.com,Female,40.226.151.243
437,Martina,Edmett,medmettc4@time.com,Female,167.204.94.81
438,Edi,Sentance,esentancec5@woothemes.com,Female,101.158.170.81
439,Sibbie,Oven,sovenc6@squarespace.com,Female,133.94.74.136
440,Talya,Phelips,tphelipsc7@geocities.jp,Female,177.236.18.66
441,Mendie,Dubery,mduberyc8@sciencedaily.com,Male,130.158.96.82
442,Calvin,Temperton,ctempertonc9@ameblo.jp,Male,51.70.150.195
443,Montgomery,Sendall,msendallca@webmd.com,Male,32.54.178.57
444,Bertie,Hallbird,bhallbirdcb@drupal.org,Female,108.102.187.95
445,Lucho,Yalden,lyaldencc@ibm.com,Male,208.107.252.157
446,Jameson,McGuane,jmcguanecd@apache.org,Male,43.31.228.78
447,Lacee,Braunthal,lbraunthalce@ucoz.ru,Female,101.143.42.186
448,Cordy,Corson,ccorsoncf@microsoft.com,Male,200.118.123.0
449,Berry,Carlin,bcarlincg@vkontakte.ru,Female,224.189.187.92
450,Gusta,Kebell,gkebellch@blogs.com,Female,19.65.16.41
451,Falito,O'Gormally,fogormallyci@slideshare.net,Male,22.237.156.215
452,Mel,Brend,mbrendcj@guardian.co.uk,Female,16.76.240.76
453,Andre,Shearer,ashearerck@slideshare.net,Male,252.214.97.122
454,Maurice,Smiley,msmileycl@archive.org,Male,30.50.168.167
455,Belle,Skurm,bskurmcm@ow.ly,Female,11.107.64.65
456,Bethina,Chasen,bchasencn@csmonitor.com,Female,39.66.126.27
457,Cathleen,Karleman,ckarlemanco@icq.com,Female,50.187.9.131
458,Chickie,Millmoe,cmillmoecp@simplemachines.org,Female,62.224.27.45
459,Hilly,Downse,hdownsecq@yandex.ru,Male,111.124.232.220
460,Marwin,Juggings,mjuggingscr@psu.edu,Male,180.71.185.109
461,Jecho,Valentino,jvalentinocs@hao123.com,Male,149.47.72.101
462,Janene,McCoy,jmccoyct@wikispaces.com,Female,117.175.166.11
463,Marni,Paynes,mpaynescu@mapquest.com,Female,153.249.153.177
464,Luisa,Cornish,lcornishcv@sciencedirect.com,Female,101.175.35.98
465,Enoch,Booi,ebooicw@huffingtonpost.com,Male,42.226.98.27
466,Jarvis,Meth,jmethcx@people.com.cn,Male,159.51.113.63
467,Farrah,Brook,fbrookcy@hc360.com,Female,214.135.221.247
468,Hercules,Maunton,hmauntoncz@cnn.com,Male,170.241.79.187
469,Deloris,Dennett,ddennettd0@opera.com,Female,187.235.210.234
470,Lettie,Frickey,lfrickeyd1@acquirethisname.com,Female,67.23.8.154
471,Cornelius,Coxwell,ccoxwelld2@cbslocal.com,Male,0.104.156.105
472,Cyndia,Worters,cwortersd3@51.la,Female,11.3.163.92
473,Natalina,Gillean,ngilleand4@rambler.ru,Female,129.214.248.206
474,Ingunna,Clemencon,iclemencond5@wikimedia.org,Female,183.93.185.196
475,Worthy,Sagar,wsagard6@smh.com.au,Male,110.79.110.26
476,Perla,O'Sheils,posheilsd7@washington.edu,Female,127.27.4.34
477,Devi,Piaggia,dpiaggiad8@facebook.com,Female,234.90.46.114
478,Sheilah,Poundsford,spoundsfordd9@discuz.net,Female,202.44.233.84
479,Adolphe,Westwick,awestwickda@taobao.com,Male,203.247.94.198
480,Winne,Dolohunty,wdolohuntydb@i2i.jp,Female,127.218.10.92
481,Helenelizabeth,O Sullivan,hosullivandc@trellian.com,Female,223.91.210.217
482,Ludwig,Doubrava,ldoubravadd@mapy.cz,Male,67.97.24.92
483,Bunny,Bartrop,bbartropde@unc.edu,Female,104.117.183.159
484,Kessia,Foye,kfoyedf@tumblr.com,Female,78.211.183.226
485,Eryn,Swatland,eswatlanddg@dion.ne.jp,Female,36.158.141.66
486,Wylie,Breton,wbretondh@examiner.com,Male,180.98.66.104
487,Cornell,Acton,cactondi@imgur.com,Male,78.109.111.53
488,Ardenia,Martynov,amartynovdj@sfgate.com,Female,12.176.232.115
489,Wanda,Badgers,wbadgersdk@addtoany.com,Female,144.73.230.203
490,Friederike,Landrick,flandrickdl@spiegel.de,Female,235.63.209.87
491,Gerrard,Yerill,gyerilldm@goo.ne.jp,Male,68.160.198.87
492,Kristen,Cruwys,kcruwysdn@google.com,Female,106.207.46.173
493,Elyn,Wones,ewonesdo@sbwire.com,Female,232.156.78.170
494,Magdalen,Ortner,mortnerdp@ustream.tv,Female,39.114.69.34
495,Tansy,Broschek,tbroschekdq@webnode.com,Female,145.117.254.12
496,Katharine,Malinowski,kmalinowskidr@domainmarket.com,Female,46.255.89.19
497,Sasha,Thornhill,sthornhillds@php.net,Male,12.75.54.19
498,Dominick,Toffoletto,dtoffolettodt@desdev.cn,Male,45.204.121.234
499,Brose,MacManus,bmacmanusdu@usgs.gov,Male,188.184.171.168
500,Morgen,Danielovitch,mdanielovitchdv@hostgator.com,Female,211.75.28.132
501,Griffin,Zimmerman,gzimmermandw@mapy.cz,Male,170.146.65.187
502,Derron,Cokly,dcoklydx@mtv.com,Male,230.150.10.32
503,Anastasia,Spyvye,aspyvyedy@rakuten.co.jp,Female,199.221.20.246
504,Tirrell,Gainor,tgainordz@cpanel.net,Male,168.118.244.212
505,Tiphany,Simoncini,tsimoncinie0@mapy.cz,Female,81.92.155.241
506,Bobbette,Benko,bbenkoe1@zimbio.com,Female,175.56.139.234
507,Kimble,Waddup,kwaddupe2@domainmarket.com,Male,175.20.211.138
508,Stephan,Londesborough,slondesboroughe3@ycombinator.com,Male,225.225.175.200
509,Iosep,Wrixon,iwrixone4@github.io,Male,214.46.34.66
510,Jonis,Manz,jmanze5@cbc.ca,Female,241.72.245.100
511,Berton,Ghest,bgheste6@e-recht24.de,Male,194.60.132.156
512,Wynne,Adel,wadele7@hc360.com,Female,203.240.157.124
513,Louie,Stroulger,lstroulgere8@jalbum.net,Male,41.158.171.246
514,Allis,Mayworth,amayworthe9@unc.edu,Female,30.93.55.134
515,Malcolm,Spilsted,mspilstedea@trellian.com,Male,86.236.50.188
516,Rachel,Boatman,rboatmaneb@e-recht24.de,Female,64.124.79.140
517,Susanetta,Norville,snorvilleec@tamu.edu,Female,197.126.182.83
518,Matthiew,Spaule,mspauleed@ehow.com,Male,163.111.198.101
519,Gerhard,Heare,gheareee@shinystat.com,Male,209.248.87.254
520,Germaine,Lockyer,glockyeref@hostgator.com,Female,63.150.26.152
521,Esma,Pickup,epickupeg@toplist.cz,Female,165.96.204.36
522,Fanni,Barnewille,fbarnewilleeh@nydailynews.com,Female,161.20.230.90
523,Jewel,Sykora,jsykoraei@simplemachines.org,Female,151.71.43.71
524,Jillian,Romanini,jromaniniej@pcworld.com,Female,90.158.29.150
525,Corrinne,Kaman,ckamanek@jimdo.com,Female,23.16.105.124
526,Byran,Turpey,bturpeyel@twitter.com,Male,26.17.62.221
527,Isaiah,Seargeant,iseargeantem@marketwatch.com,Male,182.99.245.128
528,Sallyanne,Lowre,slowreen@hhs.gov,Female,89.243.156.183
529,Lurline,Scutcheon,lscutcheoneo@ucsd.edu,Female,243.62.185.113
530,Towny,Giovanni,tgiovanniep@hud.gov,Male,42.111.199.104
531,Horatius,Toe,htoeeq@yahoo.co.jp,Male,39.128.110.20
532,Ellette,Bulpitt,ebulpitter@xing.com,Female,115.8.37.210
533,Sydelle,Minall,sminalles@weather.com,Female,144.149.96.60
534,Lotti,Forcade,lforcadeet@over-blog.com,Female,119.70.207.168
535,Shirl,Cancellor,scancelloreu@dion.ne.jp,Female,132.206.122.49
536,Brodie,Liddy,bliddyev@biglobe.ne.jp,Male,37.152.18.203
537,Lee,Tapper,ltapperew@trellian.com,Male,2.151.112.31
538,Arlena,Cast,acastex@dagondesign.com,Female,145.83.175.19
539,Conn,Grigs,cgrigsey@wunderground.com,Male,86.14.132.117
540,Man,Hallbord,mhallbordez@github.io,Male,126.188.236.196
541,Rory,Greiswood,rgreiswoodf0@rediff.com,Female,152.253.255.23
542,Germaine,Baldery,gbalderyf1@ustream.tv,Female,218.52.96.177
543,Bartholomew,Stace,bstacef2@fastcompany.com,Male,40.55.190.237
544,Tamra,Spittal,tspittalf3@jiathis.com,Female,73.117.173.137
545,Christopher,Sherlaw,csherlawf4@nhs.uk,Male,136.75.44.137
546,Stanly,Hewlings,shewlingsf5@seesaa.net,Male,37.231.126.44
547,Dominik,Veart,dveartf6@blogspot.com,Male,195.77.122.106
548,Heindrick,Hostan,hhostanf7@goodreads.com,Male,24.20.243.176
549,Chevalier,Skim,cskimf8@ebay.com,Male,169.89.219.138
550,Brandea,Jewers,bjewersf9@networkadvertising.org,Female,196.253.46.19
551,Felice,Wisker,fwiskerfa@vkontakte.ru,Female,86.159.36.109
552,Rozanne,McGeaney,rmcgeaneyfb@google.com.hk,Female,13.16.249.96
553,Artus,Pellamonuten,apellamonutenfc@patch.com,Male,101.187.204.252
554,Margit,Conant,mconantfd@marriott.com,Female,50.102.9.211
555,Dick,Oran,doranfe@epa.gov,Male,232.10.75.251
556,Shannon,Mills,smillsff@digg.com,Male,146.68.104.91
557,Sloane,Watchorn,swatchornfg@google.it,Male,174.33.74.87
558,Nollie,Jakubovits,njakubovitsfh@tripod.com,Female,92.178.24.179
559,Ferdinande,Philp,fphilpfi@about.me,Female,26.173.229.186
560,Aleen,Toner,atonerfj@paypal.com,Female,55.70.69.46
561,Cynde,Pinyon,cpinyonfk@pagesperso-orange.fr,Female,27.65.115.24
562,Rollin,Baine,rbainefl@domainmarket.com,Male,49.207.22.162
563,Derrick,Cossem,dcossemfm@slate.com,Male,196.219.66.90
564,Adaline,Josham,ajoshamfn@behance.net,Female,142.195.152.56
565,Cherrita,Ameer-Beg,cameerbegfo@exblog.jp,Female,69.180.199.244
566,Leif,Diddams,ldiddamsfp@naver.com,Male,96.176.202.44
567,Cecelia,Huffadine,chuffadinefq@wp.com,Female,127.139.213.144
568,Maison,Meakin,mmeakinfr@gnu.org,Male,100.1.35.96
569,Dana,Goburn,dgoburnfs@tuttocitta.it,Male,84.118.218.153
570,Meredeth,Hradsky,mhradskyft@freewebs.com,Male,42.83.71.62
571,Kris,Rapi,krapifu@opera.com,Female,147.10.193.251
572,Pooh,Spry,pspryfv@creativecommons.org,Male,78.147.5.23
573,Gabriella,Ducarel,gducarelfw@nasa.gov,Female,94.180.18.156
574,Nahum,Doelle,ndoellefx@ucla.edu,Male,83.145.132.63
575,Waylen,Grummitt,wgrummittfy@cnet.com,Male,40.49.176.249
576,Clara,Bispham,cbisphamfz@google.co.uk,Female,174.224.171.103
577,Cristin,Hardingham,chardinghamg0@bigcartel.com,Female,219.16.107.227
578,Ganny,Kinzel,gkinzelg1@jigsy.com,Male,140.38.137.195
579,Dionis,Leipold,dleipoldg2@fastcompany.com,Female,49.238.195.137
580,Nester,Avraham,navrahamg3@dagondesign.com,Male,109.92.88.237
581,Carce,Wilmut,cwilmutg4@phoca.cz,Male,2.216.43.100
582,Wolfgang,Japp,wjappg5@jigsy.com,Male,83.226.172.170
583,Mike,Fetherby,mfetherbyg6@google.it,Male,143.144.92.171
584,Lishe,Hazael,lhazaelg7@wiley.com,Female,53.138.170.55
585,Byrom,Farrimond,bfarrimondg8@un.org,Male,150.99.116.186
586,Morrie,Cuolahan,mcuolahang9@quantcast.com,Male,205.153.66.59
587,Glenn,Dryburgh,gdryburghga@tmall.com,Male,255.10.204.106
588,Dulsea,Donnan,ddonnangb@ucoz.ru,Female,21.112.214.155
589,Ervin,Kobpac,ekobpacgc@apache.org,Male,202.162.38.176
590,Nathalia,Cardus,ncardusgd@wiley.com,Female,43.81.167.79
591,Goldarina,Gribbins,ggribbinsge@about.com,Female,66.52.167.14
592,Chadd,Roads,croadsgf@liveinternet.ru,Male,70.169.7.77
593,Milka,Pattini,mpattinigg@yahoo.co.jp,Female,222.160.41.165
594,Sashenka,Alvarez,salvarezgh@yelp.com,Female,174.168.236.218
595,Evita,Breslane,ebreslanegi@google.es,Female,29.0.195.98
596,Dukie,Nund,dnundgj@sfgate.com,Male,76.62.28.38
597,Alvira,Tordiffe,atordiffegk@goo.ne.jp,Female,238.4.203.71
598,Peder,Critoph,pcritophgl@admin.ch,Male,55.244.251.134
599,Willie,Crowther,wcrowthergm@census.gov,Female,198.171.144.67
600,Minor,Kelner,mkelnergn@livejournal.com,Male,182.250.13.136
601,Benson,Haslin,bhaslingo@live.com,Male,57.98.7.96
602,Jeremie,Decruse,jdecrusegp@google.nl,Male,17.229.51.35
603,Nessie,Korneichik,nkorneichikgq@a8.net,Female,102.50.14.66
604,Andre,Keat,akeatgr@behance.net,Male,113.72.41.95
605,Sascha,Houldey,shouldeygs@webs.com,Female,128.249.102.155
606,Jeremias,Cuffe,jcuffegt@wufoo.com,Male,158.119.2.87
607,Andrea,Plampin,aplampingu@washingtonpost.com,Male,43.28.79.203
608,Olva,Tottman,otottmangv@msn.com,Female,159.250.151.114
609,Jonah,Coppard,jcoppardgw@flickr.com,Male,120.103.87.128
610,Bunny,Walklott,bwalklottgx@noaa.gov,Female,70.246.194.118
611,Worth,Wallman,wwallmangy@hugedomains.com,Male,82.254.232.152
612,Lilas,Glasscoo,lglasscoogz@opera.com,Female,141.217.248.191
613,Manya,Jeroch,mjerochh0@baidu.com,Female,83.145.220.213
614,Kala,Frier,kfrierh1@rambler.ru,Female,208.191.11.152
615,Esta,Plascott,eplascotth2@g.co,Female,244.161.139.231
616,Cozmo,Gyrgorcewicx,cgyrgorcewicxh3@livejournal.com,Male,159.205.134.72
617,Russell,Rotherforth,rrotherforthh4@eventbrite.com,Male,101.3.150.183
618,Eamon,Catterell,ecatterellh5@google.pl,Male,63.202.189.252
619,Romonda,Holburn,rholburnh6@businesswire.com,Female,95.187.165.102
620,Constantia,Brocklebank,cbrocklebankh7@china.com.cn,Female,7.89.231.108
621,Austin,McKay,amckayh8@discuz.net,Female,227.86.238.228
622,Shayne,Dodgshon,sdodgshonh9@wikipedia.org,Male,86.3.81.168
623,Elane,Hammersley,ehammersleyha@boston.com,Female,2.252.145.219
624,Elie,Garnett,egarnetthb@privacy.gov.au,Female,40.181.152.13
625,Meryl,Mieville,mmievillehc@dailymail.co.uk,Female,30.1.123.144
626,Claude,Lasselle,classellehd@printfriendly.com,Female,30.231.49.186
627,Devy,Rowthorne,drowthornehe@paypal.com,Male,200.65.41.57
628,Janaye,Bremmell,jbremmellhf@mapy.cz,Female,204.58.83.167
629,Timoteo,Guion,tguionhg@over-blog.com,Male,121.200.252.71
630,Myrtie,Kubicki,mkubickihh@live.com,Female,182.212.69.238
631,Mufinella,Vicary,mvicaryhi@t-online.de,Female,203.135.198.246
632,Fraze,Rabbitt,frabbitthj@taobao.com,Male,151.134.197.100
633,Hort,Leads,hleadshk@netlog.com,Male,127.189.228.241
634,Gare,Finnimore,gfinnimorehl@list-manage.com,Male,192.207.159.230
635,Darnell,Goodee,dgoodeehm@opensource.org,Male,37.201.35.150
636,Danyette,McIlwrath,dmcilwrathhn@theguardian.com,Female,192.249.11.54
637,Alie,Brommage,abrommageho@statcounter.com,Female,17.194.156.215
638,Bernardo,Esgate,besgatehp@home.pl,Male,55.118.86.34
639,Arnie,Casotti,acasottihq@unicef.org,Male,182.82.174.253
640,Cymbre,Pedican,cpedicanhr@furl.net,Female,48.24.158.141
641,Lynnelle,Consterdine,lconsterdinehs@va.gov,Female,167.78.56.142
642,Zandra,Czajkowska,zczajkowskaht@twitpic.com,Female,128.87.10.134
643,Prince,Scourge,pscourgehu@devhub.com,Male,43.152.198.53
644,Ashley,McKitterick,amckitterickhv@amazon.com,Male,234.86.106.19
645,Rosabelle,McCallister,rmccallisterhw@devhub.com,Female,248.156.86.177
646,Holly,Carty,hcartyhx@woothemes.com,Male,151.117.238.125
647,Jillayne,Novelli,jnovellihy@oracle.com,Female,208.253.251.251
648,Laird,Wolfendell,lwolfendellhz@gnu.org,Male,140.5.81.9
649,Yoshi,Landeg,ylandegi0@youtube.com,Female,39.223.49.219
650,Hadlee,Johnsson,hjohnssoni1@tinypic.com,Male,50.224.26.87
651,Ulrike,Lusty,ulustyi2@bravesites.com,Female,238.114.218.91
652,Kiah,Runge,krungei3@google.com.hk,Female,140.36.192.250
653,Gabriellia,MacIlurick,gmaciluricki4@yellowpages.com,Female,74.241.160.109
654,Dory,Mugg,dmuggi5@parallels.com,Female,102.53.216.33
655,Ferd,Balfour,fbalfouri6@addtoany.com,Male,12.19.189.134
656,Denys,Nussii,dnussiii7@tiny.cc,Male,32.161.145.121
657,Aili,Costelloe,acostelloei8@jimdo.com,Female,69.55.177.152
658,Bartlett,Gentiry,bgentiryi9@ifeng.com,Male,55.7.200.254
659,Sisile,Hinkens,shinkensia@gnu.org,Female,231.127.150.113
660,Erroll,Kermit,ekermitib@g.co,Male,78.206.103.173
661,Vivia,Hindmore,vhindmoreic@ft.com,Female,215.49.249.48
662,Justen,Exter,jexterid@biblegateway.com,Male,0.98.98.97
663,Dar,Pressnell,dpressnellie@wordpress.org,Male,205.235.16.139
664,Janek,Dunckley,jdunckleyif@telegraph.co.uk,Male,209.34.90.142
665,Simone,Blencoe,sblencoeig@deviantart.com,Male,223.4.217.180
666,Ricky,Fulstow,rfulstowih@diigo.com,Male,15.196.56.68
667,Gleda,Beiderbecke,gbeiderbeckeii@chicagotribune.com,Female,131.68.213.104
668,Oran,Killeley,okilleleyij@unblog.fr,Male,196.72.142.193
669,Avigdor,Romanski,aromanskiik@businessinsider.com,Male,162.69.88.112
670,Colan,Scimoni,cscimoniil@mac.com,Male,200.42.178.242
671,Rubia,Phonix,rphonixim@phoca.cz,Female,209.186.41.12
672,Svend,Dimitrov,sdimitrovin@php.net,Male,75.220.33.164
673,Colver,Caig,ccaigio@alibaba.com,Male,179.59.147.242
674,Terrence,Sparshutt,tsparshuttip@yolasite.com,Male,58.240.156.230
675,Svend,Simon,ssimoniq@sourceforge.net,Male,73.11.11.8
676,Milka,Chess,mchessir@aol.com,Female,150.9.210.152
677,D'arcy,Ayllett,dayllettis@seesaa.net,Male,218.125.48.150
678,Neely,Latty,nlattyit@psu.edu,Female,43.221.184.98
679,Jemie,Basford,jbasfordiu@sciencedirect.com,Female,228.142.203.200
680,Garner,Dentith,gdentithiv@jigsy.com,Male,30.51.144.198
681,Hoyt,Feehely,hfeehelyiw@pinterest.com,Male,153.243.108.81
682,Hyacinth,Rendbaek,hrendbaekix@printfriendly.com,Female,17.188.86.15
683,Raynell,Aldrich,raldrichiy@sciencedirect.com,Female,171.124.15.142
684,Ariella,Brabin,abrabiniz@lulu.com,Female,155.73.81.144
685,Hedy,Eubank,heubankj0@foxnews.com,Female,125.152.71.77
686,Augustine,Jerzyk,ajerzykj1@ted.com,Female,41.153.153.223
687,Gracie,Klulicek,gklulicekj2@t.co,Female,44.121.160.29
688,Fayette,Mc Kellen,fmckellenj3@jigsy.com,Female,10.169.220.154
689,Prince,Ardron,pardronj4@histats.com,Male,201.59.229.22
690,Kippy,Sollitt,ksollittj5@nifty.com,Female,136.204.107.46
691,Keir,Canfer,kcanferj6@de.vu,Male,54.145.125.106
692,Anatole,Jarrad,ajarradj7@dion.ne.jp,Male,12.165.99.84
693,Wait,Bothwell,wbothwellj8@cdc.gov,Male,176.110.173.110
694,Davin,Longea,dlongeaj9@latimes.com,Male,80.105.107.174
695,Evania,Wethey,ewetheyja@zdnet.com,Female,121.107.250.63
696,Skylar,Northedge,snorthedgejb@sphinn.com,Male,216.198.229.148
697,Mignon,Rummins,mrumminsjc@scientificamerican.com,Female,201.188.231.124
698,Levin,Wahlberg,lwahlbergjd@nasa.gov,Male,93.2.158.0
699,Janifer,Izaks,jizaksje@imgur.com,Female,243.212.230.158
700,Agretha,Wetherell,awetherelljf@tumblr.com,Female,77.141.24.169
701,Bria,Punch,bpunchjg@admin.ch,Female,48.33.82.140
702,Collen,Bish,cbishjh@goo.gl,Female,176.109.153.96
703,Aila,Craik,acraikji@sakura.ne.jp,Female,50.52.67.139
704,Freeman,Arndt,farndtjj@oakley.com,Male,100.185.7.216
705,Amie,Laminman,alaminmanjk@etsy.com,Female,220.41.90.75
706,Myra,Gilhooley,mgilhooleyjl@dion.ne.jp,Female,188.237.170.206
707,Penny,Braysher,pbraysherjm@seesaa.net,Female,44.177.33.21
708,Vern,Easum,veasumjn@nasa.gov,Male,185.120.40.135
709,Rozamond,Kusick,rkusickjo@apple.com,Female,120.211.40.174
710,Yuri,Perell,yperelljp@alexa.com,Male,38.100.190.237
711,Cherey,Sollowaye,csollowayejq@prnewswire.com,Female,38.101.225.204
712,Shaylah,Toomey,stoomeyjr@yellowbook.com,Female,104.255.205.115
713,Esme,Danes,edanesjs@dell.com,Female,102.145.155.108
714,Jasmina,Moggie,jmoggiejt@unc.edu,Female,48.123.234.98
715,Yule,Whightman,ywhightmanju@google.nl,Male,161.249.25.163
716,Patric,Ferrillo,pferrillojv@pbs.org,Male,195.179.56.238
717,Hayden,Cholmondeley,hcholmondeleyjw@cbsnews.com,Male,223.82.26.136
718,Rutger,Nourse,rnoursejx@rediff.com,Male,206.231.50.22
719,Josefina,Evill,jevilljy@cnet.com,Female,82.137.233.85
720,Berenice,Wallsam,bwallsamjz@51.la,Female,232.86.204.172
721,Shepard,Blaxeland,sblaxelandk0@blinklist.com,Male,221.213.6.27
722,Levin,Formoy,lformoyk1@altervista.org,Male,28.66.83.21
723,Nicolis,Allenson,nallensonk2@lycos.com,Male,8.90.20.192
724,Callean,Vidgen,cvidgenk3@amazon.co.jp,Male,53.243.200.5
725,Kenyon,Strathdee,kstrathdeek4@smugmug.com,Male,154.216.71.18
726,Marcellus,McFeat,mmcfeatk5@networkadvertising.org,Male,163.83.236.83
727,Antone,Arndtsen,aarndtsenk6@marriott.com,Male,251.8.128.77
728,Stephenie,Dyhouse,sdyhousek7@fc2.com,Female,243.133.153.191
729,Lars,McIvor,lmcivork8@photobucket.com,Male,112.64.187.169
730,Thor,Berkely,tberkelyk9@weebly.com,Male,73.123.177.223
731,Gibb,Sclanders,gsclanderska@house.gov,Male,68.90.26.123
732,Madelaine,Phair,mphairkb@uiuc.edu,Female,191.136.107.77
733,Murvyn,Cumber,mcumberkc@flickr.com,Male,137.160.153.182
734,Phedra,Mott,pmottkd@posterous.com,Female,95.127.188.185
735,Adore,Kibbel,akibbelke@berkeley.edu,Female,155.25.77.123
736,Bunny,Karel,bkarelkf@merriam-webster.com,Female,228.147.201.174
737,Kimberli,Broome,kbroomekg@topsy.com,Female,41.53.142.209
738,Philis,Moyers,pmoyerskh@toplist.cz,Female,8.95.232.38
739,Pen,Pendlebury,ppendleburyki@vistaprint.com,Male,251.76.105.67
740,Juliette,Jacobovitz,jjacobovitzkj@1688.com,Female,188.172.168.218
741,Hasheem,Oliveras,holiveraskk@cbsnews.com,Male,34.156.143.234
742,Dasi,De Rechter,dderechterkl@issuu.com,Female,217.160.107.246
743,Abbie,Yakebowitch,ayakebowitchkm@furl.net,Male,244.102.3.29
744,Dagny,Dundridge,ddundridgekn@edublogs.org,Male,222.143.68.19
745,Carmella,Ferrari,cferrariko@shutterfly.com,Female,92.193.248.219
746,Fallon,Follacaro,ffollacarokp@ucsd.edu,Female,118.39.199.46
747,Waverly,Engall,wengallkq@nytimes.com,Male,25.67.136.66
748,Jehanna,Keysall,jkeysallkr@clickbank.net,Female,38.52.121.47
749,Ailina,Utterson,auttersonks@hc360.com,Female,228.67.23.111
750,Filbert,Tordoff,ftordoffkt@shutterfly.com,Male,178.96.220.118
751,Felic,Brodest,fbrodestku@marriott.com,Male,234.27.124.168
752,Emili,Winborn,ewinbornkv@ovh.net,Female,101.216.73.251
753,Henrietta,Kirkland,hkirklandkw@fotki.com,Female,91.80.167.248
754,Romonda,Morrel,rmorrelkx@java.com,Female,38.213.196.27
755,Erinna,Kollatsch,ekollatschky@msn.com,Female,87.98.176.69
756,Zedekiah,Batchelour,zbatchelourkz@newsvine.com,Male,159.2.21.5
757,Sara,Chestnutt,schestnuttl0@omniture.com,Female,205.189.32.190
758,Kimberley,Pendrigh,kpendrighl1@diigo.com,Female,104.130.136.239
759,Fonzie,Chitson,fchitsonl2@cnn.com,Male,54.254.74.118
760,Ammamaria,Nickell,anickelll3@nature.com,Female,173.7.14.107
761,Elnar,Gomar,egomarl4@forbes.com,Male,71.251.129.198
762,Marieann,Jakubovitch,mjakubovitchl5@who.int,Female,249.26.36.229
763,Dionisio,Florentine,dflorentinel6@nifty.com,Male,93.25.37.48
764,Rey,Mulrean,rmulreanl7@livejournal.com,Male,85.15.161.239
765,Pearle,Schaffler,pschafflerl8@a8.net,Female,95.190.107.22
766,Tully,Scrannage,tscrannagel9@php.net,Male,112.249.197.189
767,Kassia,Trollope,ktrollopela@hibu.com,Female,103.82.82.160
768,Randy,Adess,radesslb@live.com,Male,163.109.101.164
769,Alberik,Pantone,apantonelc@imageshack.us,Male,27.249.202.169
770,Gayle,Winkless,gwinklessld@whitehouse.gov,Female,36.30.223.226
771,Benji,Ost,bostle@ucla.edu,Male,4.96.237.131
772,Laverne,Nerval,lnervallf@ifeng.com,Female,114.92.81.151
773,Virgina,Brattell,vbrattelllg@cornell.edu,Female,160.218.201.42
774,Adena,Waghorn,awaghornlh@slashdot.org,Female,125.84.138.195
775,Sasha,Dyne,sdyneli@paginegialle.it,Female,148.107.21.162
776,Barny,Hanhart,bhanhartlj@csmonitor.com,Male,228.72.72.170
777,Winny,Sugden,wsugdenlk@histats.com,Female,94.61.144.182
778,Dolli,Doleman,ddolemanll@cornell.edu,Female,209.139.23.248
779,Sheridan,Denley,sdenleylm@myspace.com,Male,3.56.146.77
780,Roz,Durbyn,rdurbynln@sourceforge.net,Female,57.73.48.122
781,Pall,Issac,pissaclo@ovh.net,Male,194.82.152.53
782,Tammi,Leeburne,tleeburnelp@zimbio.com,Female,34.9.165.118
783,Mela,Polk,mpolklq@mozilla.com,Female,171.196.174.247
784,Iolande,Binne,ibinnelr@topsy.com,Female,14.172.100.69
785,Karisa,Yurkevich,kyurkevichls@yahoo.com,Female,99.228.217.217
786,Herminia,Iddon,hiddonlt@huffingtonpost.com,Female,96.243.5.152
787,Berenice,Teggin,btegginlu@about.me,Female,139.145.127.155
788,Sheryl,Piddington,spiddingtonlv@jalbum.net,Female,50.169.206.148
789,Emelda,Jiran,ejiranlw@over-blog.com,Female,235.161.125.248
790,Karlen,Dallon,kdallonlx@quantcast.com,Female,178.187.66.75
791,Gui,Brownsea,gbrownsealy@homestead.com,Female,156.197.16.175
792,Lydon,Ioannidis,lioannidislz@economist.com,Male,212.156.159.171
793,Daffi,Dymocke,ddymockem0@sakura.ne.jp,Female,91.251.131.240
794,Raynard,Curtayne,rcurtaynem1@gnu.org,Male,117.255.25.235
795,Flor,Shorto,fshortom2@mayoclinic.com,Female,81.24.174.7
796,Jozef,MacGiolla,jmacgiollam3@nih.gov,Male,246.181.188.80
797,Brigg,de Clerc,bdeclercm4@mapquest.com,Male,239.39.196.23
798,Eadie,Bride,ebridem5@123-reg.co.uk,Female,107.194.119.126
799,Gleda,McDonald,gmcdonaldm6@forbes.com,Female,2.237.145.200
800,Tedd,Crooks,tcrooksm7@blinklist.com,Male,9.168.93.213
801,Karoly,McKerley,kmckerleym8@zimbio.com,Female,152.65.244.201
802,Trixi,Halsall,thalsallm9@drupal.org,Female,0.46.191.167
803,Darnell,Allmann,dallmannma@mail.ru,Male,189.57.30.82
804,Latia,Rolstone,lrolstonemb@auda.org.au,Female,86.220.62.190
805,Kamilah,Brigstock,kbrigstockmc@cdbaby.com,Female,96.210.254.134
806,Stormi,Stickels,sstickelsmd@devhub.com,Female,78.254.10.8
807,Allyce,Benettelli,abenettellime@twitter.com,Female,184.134.104.103
808,Fin,Johnigan,fjohniganmf@utexas.edu,Male,52.33.225.30
809,Garald,Mears,gmearsmg@privacy.gov.au,Male,102.49.179.194
810,Aggi,McCoish,amccoishmh@de.vu,Female,151.99.122.43
811,Euphemia,Suggey,esuggeymi@cnet.com,Female,23.3.77.180
812,Nerta,Raubheim,nraubheimmj@cbc.ca,Female,240.49.75.118
813,Thatcher,McCurtin,tmccurtinmk@nymag.com,Male,3.249.195.117
814,Hyacinth,Kohnert,hkohnertml@histats.com,Female,233.216.239.219
815,Timmi,Clawley,tclawleymm@issuu.com,Female,32.93.147.191
816,Anatole,Sparke,asparkemn@google.nl,Male,230.187.169.73
817,Lacee,Eltone,leltonemo@prlog.org,Female,180.20.235.51
818,Evy,Passion,epassionmp@twitter.com,Female,128.58.120.221
819,Elysha,Smalecombe,esmalecombemq@tuttocitta.it,Female,212.9.74.36
820,Milka,Suerz,msuerzmr@myspace.com,Female,16.100.141.244
821,Worthington,Dockery,wdockeryms@cornell.edu,Male,254.129.2.89
822,Ryan,Mackiewicz,rmackiewiczmt@comsenz.com,Male,199.38.151.246
823,Jacquelyn,Cardwell,jcardwellmu@oracle.com,Female,21.129.168.99
824,Nolly,Ruggen,nruggenmv@npr.org,Male,64.36.75.187
825,Billy,Benois,bbenoismw@gov.uk,Male,73.130.166.201
826,Malissa,Quene,mquenemx@uiuc.edu,Female,110.2.197.67
827,Carly,Lared,claredmy@independent.co.uk,Female,38.100.12.164
828,Stuart,Fryman,sfrymanmz@facebook.com,Male,60.202.94.230
829,Linc,Hinrichsen,lhinrichsenn0@ibm.com,Male,239.171.62.135
830,Sayers,Lawdham,slawdhamn1@wufoo.com,Male,151.91.185.204
831,Vidovik,Orgen,vorgenn2@shinystat.com,Male,162.44.149.71
832,Meg,Silkstone,msilkstonen3@merriam-webster.com,Female,61.140.217.126
833,Josepha,McGarrell,jmcgarrelln4@wikia.com,Female,155.242.232.207
834,Isadora,Chatband,ichatbandn5@constantcontact.com,Female,7.66.58.152
835,Kaitlin,Millett,kmillettn6@bravesites.com,Female,44.166.136.81
836,Constantina,Adger,cadgern7@utexas.edu,Female,215.235.0.108
837,Rosalinde,Russon,rrussonn8@tinypic.com,Female,217.161.137.228
838,Amandie,Pickford,apickfordn9@netscape.com,Female,77.203.241.235
839,Liam,Djorvic,ldjorvicna@bloglines.com,Male,212.185.50.93
840,Roberto,Pennetti,rpennettinb@unicef.org,Male,72.79.124.201
841,Darrell,Haensel,dhaenselnc@hao123.com,Male,93.214.185.180
842,Pail,Jagiello,pjagiellond@techcrunch.com,Male,141.157.128.214
843,Katey,Morley,kmorleyne@list-manage.com,Female,14.103.36.32
844,Rani,Coke,rcokenf@ibm.com,Female,89.19.141.228
845,Gregor,Cornford,gcornfordng@blogtalkradio.com,Male,171.164.44.230
846,Taryn,Halsworth,thalsworthnh@ycombinator.com,Female,9.212.172.212
847,Waite,Brightling,wbrightlingni@newyorker.com,Male,87.45.133.61
848,Shandee,Webb,swebbnj@constantcontact.com,Female,235.103.132.105
849,Frans,Merwood,fmerwoodnk@earthlink.net,Male,127.33.7.213
850,Darda,Merriday,dmerridaynl@simplemachines.org,Female,181.110.107.251
851,Marita,Prophet,mprophetnm@themeforest.net,Female,225.73.51.63
852,Mitchael,MacAloren,mmacalorennn@miitbeian.gov.cn,Male,56.47.24.77
853,Tammy,McClifferty,tmccliffertyno@github.com,Female,19.9.71.185
854,Lurline,Mantione,lmantionenp@hc360.com,Female,201.17.232.167
855,Eduard,Calkin,ecalkinnq@alexa.com,Male,47.133.223.86
856,Josepha,Betke,jbetkenr@adobe.com,Female,136.173.147.127
857,Hoebart,Brownbill,hbrownbillns@weather.com,Male,25.114.90.230
858,Christos,Abisetti,cabisettint@quantcast.com,Male,68.239.113.92
859,Cherilynn,Dur,cdurnu@disqus.com,Female,251.242.17.66
860,Rube,Drinkwater,rdrinkwaternv@vimeo.com,Male,178.204.181.42
861,Georas,Fedder,gfeddernw@nifty.com,Male,118.254.76.89
862,Nels,Lestrange,nlestrangenx@icio.us,Male,223.23.223.169
863,Edee,Turrill,eturrillny@51.la,Female,178.52.117.104
864,Jonathon,Fanti,jfantinz@skype.com,Male,140.185.224.36
865,Natale,Tarry,ntarryo0@biglobe.ne.jp,Male,154.54.244.143
866,Derrik,Kretchmer,dkretchmero1@foxnews.com,Male,129.160.182.111
867,Dar,Rosso,drossoo2@blinklist.com,Male,153.40.189.228
868,Hanson,Glendenning,hglendenningo3@howstuffworks.com,Male,197.158.159.134
869,Lainey,Dain,ldaino4@smugmug.com,Female,75.243.86.137
870,Chlo,Alden,caldeno5@ning.com,Female,196.116.158.95
871,Janenna,Checkley,jcheckleyo6@virginia.edu,Female,27.62.240.254
872,Jared,Thirlwell,jthirlwello7@webeden.co.uk,Male,148.195.104.38
873,Brandie,Causey,bcauseyo8@amazonaws.com,Female,176.143.28.25
874,Dame,McAlinden,dmcalindeno9@liveinternet.ru,Male,132.209.0.0
875,Maurise,Standon,mstandonoa@aol.com,Female,107.27.72.181
876,Binky,Ludlom,bludlomob@stumbleupon.com,Male,196.158.203.187
877,Rutter,Karppi,rkarppioc@4shared.com,Male,31.16.255.240
878,Bernie,Ryde,brydeod@sogou.com,Male,53.248.65.118
879,Brenda,Carbine,bcarbineoe@people.com.cn,Female,90.13.120.109
880,Moira,Benduhn,mbenduhnof@europa.eu,Female,177.41.194.207
881,Aundrea,Verheijden,averheijdenog@friendfeed.com,Female,148.7.8.71
882,Elicia,Folling,efollingoh@qq.com,Female,50.131.229.77
883,Anett,Burbage,aburbageoi@who.int,Female,74.145.125.70
884,Des,Verissimo,dverissimooj@github.com,Male,133.208.184.105
885,Matthus,Kingaby,mkingabyok@weebly.com,Male,55.242.151.122
886,Morris,Drinkwater,mdrinkwaterol@digg.com,Male,170.72.152.102
887,Collette,Collecott,ccollecottom@tumblr.com,Female,116.184.172.41
888,Lelah,Van der Merwe,lvandermerweon@china.com.cn,Female,244.243.210.109
889,Barbabas,Grattan,bgrattanoo@virginia.edu,Male,235.10.86.197
890,Ilyssa,Sacase,isacaseop@shop-pro.jp,Female,11.122.43.28
891,Dukie,Moulin,dmoulinoq@webeden.co.uk,Male,160.69.56.62
892,Yorgo,Osbiston,yosbistonor@yellowbook.com,Male,11.20.183.249
893,Lou,Ogley,logleyos@huffingtonpost.com,Male,112.130.24.119
894,Davine,Glaysher,dglaysherot@usda.gov,Female,35.31.43.135
895,Hugues,Westby,hwestbyou@usnews.com,Male,198.36.225.206
896,Frederigo,Iacavone,fiacavoneov@umn.edu,Male,210.117.242.64
897,Adelle,Redier,aredierow@parallels.com,Female,5.1.42.41
898,Dorothee,Palmar,dpalmarox@bandcamp.com,Female,109.36.71.215
899,Rickey,Warsap,rwarsapoy@youtube.com,Male,13.28.40.1
900,Zonnya,Sparks,zsparksoz@twitter.com,Female,248.252.234.26
901,Dennie,Letty,dlettyp0@intel.com,Male,29.220.213.76
902,Itch,Verdie,iverdiep1@dell.com,Male,199.83.181.91
903,Genevra,Everingham,geveringhamp2@patch.com,Female,155.130.18.101
904,Guilbert,Pickless,gpicklessp3@foxnews.com,Male,139.230.124.77
905,Linnell,Jery,ljeryp4@biglobe.ne.jp,Female,204.106.107.119
906,Templeton,Jewes,tjewesp5@freewebs.com,Male,12.240.179.28
907,Cesya,Cattellion,ccattellionp6@taobao.com,Female,67.178.245.122
908,Arney,Keynes,akeynesp7@zdnet.com,Male,12.133.141.71
909,Ruy,Milliken,rmillikenp8@sfgate.com,Male,50.188.56.28
910,Allianora,Feldmesser,afeldmesserp9@guardian.co.uk,Female,190.140.130.183
911,Hannie,McGuffie,hmcguffiepa@hhs.gov,Female,90.124.141.67
912,Reine,Mapston,rmapstonpb@tuttocitta.it,Female,93.151.74.224
913,Nickie,Vose,nvosepc@bbb.org,Female,216.34.89.235
914,Gilberto,Pietrusiak,gpietrusiakpd@naver.com,Male,141.197.72.85
915,Deloris,Fishbourne,dfishbournepe@last.fm,Female,149.238.73.106
916,Elisha,Ancketill,eancketillpf@deviantart.com,Male,102.63.187.103
917,Gian,Gerriets,ggerrietspg@goo.gl,Male,204.0.7.92
918,Fionnula,McCullough,fmcculloughph@gravatar.com,Female,214.239.41.207
919,Nataline,Stoodley,nstoodleypi@cdbaby.com,Female,18.210.232.0
920,Jarred,Dadswell,jdadswellpj@forbes.com,Male,185.207.117.251
921,Woodman,Braham,wbrahampk@slideshare.net,Male,113.116.139.89
922,Lou,MacGaughey,lmacgaugheypl@exblog.jp,Female,133.235.229.255
923,Bibi,Warry,bwarrypm@netlog.com,Female,234.76.175.87
924,Stacee,Cinderey,scindereypn@dyndns.org,Female,92.188.169.155
925,Ky,Kemmey,kkemmeypo@deviantart.com,Male,210.70.221.225
926,Konstantin,Willoughby,kwilloughbypp@newyorker.com,Male,17.87.204.66
927,Thain,Govinlock,tgovinlockpq@discuz.net,Male,13.63.0.124
928,Kissie,Rubrow,krubrowpr@tamu.edu,Female,63.47.220.25
929,Idelle,Marke,imarkeps@networksolutions.com,Female,229.241.118.20
930,Addia,Kaysor,akaysorpt@mediafire.com,Female,65.217.30.191
931,Rutger,Placstone,rplacstonepu@yelp.com,Male,227.44.250.48
932,Gaspard,Rankine,grankinepv@1und1.de,Male,204.6.235.252
933,Jere,Rex,jrexpw@canalblog.com,Female,45.106.51.232
934,Stinky,Beals,sbealspx@free.fr,Male,184.178.231.62
935,Brigg,Avrahamian,bavrahamianpy@umn.edu,Male,52.95.8.87
936,Talya,Luckin,tluckinpz@nsw.gov.au,Female,200.219.23.255
937,Ramona,Lillecrap,rlillecrapq0@chicagotribune.com,Female,173.93.118.113
938,Johny,Trembley,jtrembleyq1@patch.com,Male,171.45.159.84
939,Rennie,Josham,rjoshamq2@delicious.com,Female,140.254.87.229
940,Edythe,Grombridge,egrombridgeq3@dedecms.com,Female,55.162.224.232
941,Anselm,Kyme,akymeq4@ted.com,Male,177.58.216.0
942,Rudolph,Crawshay,rcrawshayq5@google.com.au,Male,143.98.223.197
943,Valentia,Cloke,vclokeq6@spiegel.de,Female,73.80.151.180
944,Kassi,Scardefield,kscardefieldq7@networksolutions.com,Female,176.192.138.40
945,Ofella,Isaak,oisaakq8@surveymonkey.com,Female,240.70.207.225
946,Arv,Sneesby,asneesbyq9@virginia.edu,Male,38.246.235.145
947,Shadow,Mence,smenceqa@eepurl.com,Male,51.14.59.111
948,Allistir,Jillings,ajillingsqb@house.gov,Male,252.43.45.100
949,Wally,Ewbank,wewbankqc@webeden.co.uk,Female,73.126.159.204
950,Effie,Pallent,epallentqd@1und1.de,Female,196.145.255.110
951,Isaak,Mouton,imoutonqe@nyu.edu,Male,244.198.205.219
952,Brynn,Mongenot,bmongenotqf@webnode.com,Female,76.14.224.168
953,Emile,Mayer,emayerqg@seattletimes.com,Male,42.26.34.53
954,Arley,Halsworth,ahalsworthqh@google.co.uk,Male,189.239.104.102
955,Karole,Liversley,kliversleyqi@infoseek.co.jp,Female,3.139.152.196
956,Emmey,Danilishin,edanilishinqj@utexas.edu,Female,187.2.0.59
957,Ian,Slowley,islowleyqk@vinaora.com,Male,203.215.226.95
958,Angelle,Strafford,astraffordql@google.com,Female,35.87.12.253
959,Weber,Sherrard,wsherrardqm@webeden.co.uk,Male,158.95.234.128
960,Mychal,Brotherhed,mbrotherhedqn@elegantthemes.com,Male,20.239.34.243
961,Roman,Brailsford,rbrailsfordqo@webnode.com,Male,134.177.8.121
962,Lalo,Groundwator,lgroundwatorqp@uiuc.edu,Male,65.169.211.157
963,Arielle,Bullough,abulloughqq@microsoft.com,Female,172.15.238.201
964,Berri,Sears,bsearsqr@clickbank.net,Female,194.246.63.37
965,Mada,O'dell,modellqs@google.co.jp,Female,111.50.80.137
966,Garwin,Donald,gdonaldqt@xing.com,Male,240.224.181.85
967,Muire,Brettelle,mbrettellequ@alexa.com,Female,169.142.9.143
968,Edgar,Gosson,egossonqv@buzzfeed.com,Male,16.129.42.28
969,Violetta,Lomasney,vlomasneyqw@mtv.com,Female,229.145.162.60
970,Normand,Penner,npennerqx@shinystat.com,Male,107.63.76.57
971,Claudian,Ellison,cellisonqy@amazon.de,Male,51.111.44.101
972,Rana,Kirkpatrick,rkirkpatrickqz@theglobeandmail.com,Female,185.217.170.122
973,Wendell,Brussell,wbrussellr0@phoca.cz,Male,52.193.68.70
974,Lev,Lugard,llugardr1@jigsy.com,Male,73.166.67.65
975,Erna,Glencrash,eglencrashr2@nature.com,Female,36.99.115.132
976,Minette,Forton,mfortonr3@hao123.com,Female,54.2.224.14
977,Karissa,Doll,kdollr4@odnoklassniki.ru,Female,56.169.181.104
978,Dottie,Mulder,dmulderr5@plala.or.jp,Female,181.53.84.155
979,Aloysius,Tutchener,atutchenerr6@blogger.com,Male,253.147.59.130
980,Carl,Dracey,cdraceyr7@newsvine.com,Male,214.222.102.76
981,Gretchen,Arnall,garnallr8@hp.com,Female,137.251.58.253
982,Chelsie,Tidridge,ctidridger9@twitter.com,Female,28.101.254.13
983,Farand,Fedder,ffedderra@yellowbook.com,Female,172.12.50.110
984,Susana,Doey,sdoeyrb@prweb.com,Female,80.173.66.31
985,Tori,Jillett,tjillettrc@yellowpages.com,Female,87.114.37.135
986,Siusan,Massinger,smassingerrd@hao123.com,Female,84.203.85.171
987,Jerry,Doone,jdoonere@ucoz.ru,Female,82.48.199.31
988,Randene,Fairlaw,rfairlawrf@webs.com,Female,139.159.199.69
989,Rubin,Skinley,rskinleyrg@spiegel.de,Male,211.29.159.68
990,Freeman,Kleiser,fkleiserrh@sun.com,Male,38.230.143.150
991,Hilarius,Dulwitch,hdulwitchri@aol.com,Male,159.115.123.128
992,Jessalin,Wharton,jwhartonrj@networksolutions.com,Female,1.234.42.101
993,Zebulen,McGray,zmcgrayrk@nbcnews.com,Male,51.146.129.7
994,Mella,Hitzmann,mhitzmannrl@paginegialle.it,Female,203.86.122.237
995,Buddie,Touson,btousonrm@aboutads.info,Male,22.20.30.145
996,Edik,De la croix,edelacroixrn@wiley.com,Male,63.137.110.250
997,Christoffer,Snaddon,csnaddonro@dell.com,Male,108.107.225.231
998,Jermaine,Hounsom,jhounsomrp@bbb.org,Male,12.197.223.182
999,Guglielmo,Dhennin,gdhenninrq@si.edu,Male,241.38.174.175
1000,Gustavus,Alpes,galpesrr@blog.com,Male,38.103.31.81
